source,id,url,title,abstract,publication_date,year,doi
pubmed,42076151,https://pubmed.ncbi.nlm.nih.gov/42076151/,PKGPT: Expert-Orchestrated Recursive LLM Agent for Automated NONMEM PopPK Modeling with Human Benchmarking.,"<b>Background/Objectives:</b> Population pharmacokinetic (PopPK) modeling in NONMEM requires iterative, expertise-dependent workflows. Naïve zero-shot prompting of general-purpose large language models (LLMs) typically produces NONMEM code that fails to execute. This study introduces PKGPT, a recursive agentic LLM system designed to automate NONMEM-based PopPK model development and benchmarks its performance against human expert models. <b>Methods:</b> PKGPT, powered by Google's Gemini 3.0 Flash, embeds pharmacometrics expertise into phase-specific expert-agent prompts orchestrated across five sequential phases: base model establishment, structural diagnostics, overfitting reduction, random-effects optimization, and covariate analysis. The system recursively executes NONMEM, parses outputs, and iteratively refines control streams. PKGPT was evaluated on three public datasets (warfarin, theophylline, and tobramycin) and benchmarked against independently developed human expert models. <b>Results:</b> PKGPT consistently produced executable, converging NONMEM models across all three datasets. In warfarin, both PKGPT and the human expert selected a one-compartment oral structure (ADVAN2), but the expert achieved a lower OFV (294.41 vs. 484.43) via covariate scaling. In theophylline, PKGPT produced parameter estimates close to the expert solution (Ka = 1.59 vs. 1.46 h<sup>-1</sup>; CL = 0.0399 vs. 0.0404 L/h/kg). In tobramycin, PKGPT correctly identified a two-compartment structure but produced physiologically implausible peripheral volume estimates (V2 = 149 L vs. expert's 13.2 L). Across datasets, PKGPT did not identify clinically established covariates, and run-to-run reproducibility was variable. <b>Conclusions:</b> PKGPT substantially improves the robustness and usability of LLM-generated NONMEM code compared with naïve zero-shot prompting, accelerating model drafting and iterative refinement, but physiological plausibility and clinical interpretability still require a human-in-the-loop oversight.",2026 Apr 18,2026,
pubmed,42042548,https://pubmed.ncbi.nlm.nih.gov/42042548/,Artificial Intelligence in Transcriptomics: From Human-in-the-Loop to Agentic AI.,"To better understand the complexity of biological systems, research has shifted from a reductionist to a holistic approach, expanding the focus from single genes to a genome-scale view of gene activity and regulation. This is known as transcriptomics, a continuously growing field generating gene expression signatures from different technologies. A comparable paradigm shift has occurred in computational systems biology with the implementation of Artificial Intelligence (AI) learning models for gene expression analysis and integration. These models enable transcriptome-based profiling to address challenges of data heterogeneity, integration, and updating, assisting human intelligence and enhancing their ability to retrieve, analyze, integrate, and generate data recursively, thanks to their intrinsic predictive, inferential, reinforcement, and generative capabilities. Additionally, while scientists worldwide are still learning how to leverage AI methods that can maintain the human-in-the-loop, a new fundamental change is emerging: agentic AI, which can autonomously act and employ other AI methods to pursue its objectives. As a futuristic perspective, the proposed data analysis pipeline imagines agentic AI systems allowing the automated retrieval and pre-processing of heterogeneous transcriptomics data, analysis and integration with other omics datasets, performed with an incremental updating and recurrent analysis (IURA) model that could allow the detection of guideline updates (e.g., disease reclassification) and the generation of new hypotheses, such as candidate biomarkers or transcriptome-phenotype correlations. Since personalized medicine could derive profound benefits from its use, this scenario also raises important considerations regarding the advantages and concerns associated with the use of scientific AI agents in research and clinical practice.",2026 Mar 27,2026,
pubmed,42009269,https://pubmed.ncbi.nlm.nih.gov/42009269/,A comprehensive survey of AI agents in healthcare.,"This survey aims to systematically map the rapidly evolving landscape of AI agents in healthcare. It addresses the critical need to adapt general-purpose agentic frameworks characterized by autonomy, planning, and tool use to the high-stakes, safety-critical constraints of medical decision-making and patient care. We conducted a comprehensive review of over 200 recent studies, synthesizing literature from major academic databases. We developed a holistic taxonomy that traces the full lifecycle of healthcare agents, analyzing perception modalities, core technical architectures, and evaluation protocols specific to autonomous systems. The review presents a quantitative landscape analysis showing exponential growth in the field. We structure the domain into three pillars: (1) Perception of multi-modal clinical data (e.g., EHR, imaging, genomics); (2) Agent Capabilities, including tool use, reasoning, memory, and multi-agent collaboration; and (3) an Application Ecosystem organized by stakeholder roles (clinicians, patients, researchers, and administrators). Additionally, we categorize evaluation frameworks, and discuss the deployment readiness of current systems across technical, evidentiary, and governance dimensions. Finally, we identify challenges for advancing healthcare agents from controlled evaluation toward real-world clinical integration. A continuously updated repository of related papers is available at https://github.com/AgenticHealthAI/Awesome-AI-Agents-for-Healthcare. AI agents offer significant potential to enhance healthcare through autonomous reasoning and workflow integration. However, current research remains largely concentrated in benchmark and controlled evaluation settings, and the translation into clinical practice will require advances in reliability, privacy protection, governance, and operational integration.",2026 Apr 18,2026,
pubmed,41975498,https://pubmed.ncbi.nlm.nih.gov/41975498/,"AI Methods for Implementation Science (AIM-IS): developing a framework, toolkit, and reporting standard for the responsible use of AI in implementation practice and research.","Artificial intelligence (AI), including machine learning, natural language processing, and large language models, may support implementation practice and research in tasks such as evidence synthesis, determinant assessment, strategy selection, monitoring, adaptation, and theory development. However, these applications of AI do not form a single, uniform category. They span a continuum from practice-facing applications that support local implementation work to research- and methods-facing applications that support evidence generation and synthesis. The guidance on how to classify, evaluate, and report these uses of AI remains limited. The AI Methods for Implementation Science (AIM-IS) program aims to develop, validate, and maintain a suite of products to guide the responsible use of AI across implementation practice, implementation research, and bridging use cases. AIM-IS is a multi-phase, multi-method methodological development program. The unit of analysis is the AI-for-implementation use case: a specific AI capability supporting a defined implementation practice or research task within a workflow, decision point, and governance context. Phase 1 is a living scoping review mapping published AI use cases in implementation science, including how they are evaluated and what risks they raise. Phase 2 is a qualitative interview study with implementation researchers, practitioners, AI experts, community members, and data infrastructure and governance experts to refine use cases and identify feasibility constraints, outcome priorities, and reporting needs. Phase 3 will integrate findings from Phases 1 and 2 to develop the draft AIM-IS products, including a framework, a taxonomy of use cases, guardrails for responsible use, a practical guide, outcome domains, and reporting items. Phase 4 will use an eDelphi process and consensus meeting to refine and finalize these products. Phase 5 will conduct usability testing to improve clarity and ease of use, resulting in the finalized AIM-IS products. AIM-IS is informed by implementation science, sociotechnical systems, equity, and responsible AI frameworks, and includes a living-update approach to support ongoing refinement. The AIM-IS program will deliver a suite of products, including a framework, toolkit and reporting standard, to support the specification, governance, evaluation, and reporting of AI in implementation science. Together, these products aim to strengthen transparency, comparability, accountability, and attention to equity in how AI is used by implementation practitioners and researchers over time. Open Science Framework, March 15, 2026: https://doi.org/10.17605/OSF.IO/BX35K.",2026 Apr 14,2026,
pubmed,41959417,https://pubmed.ncbi.nlm.nih.gov/41959417/,Automated extraction and optimization of protein purification protocols using multi-agent large language models.,"Recent advances in Large Language Models (LLMs) present new opportunities for automating critical bottlenecks in scientific workflows such as literature reviews or protocol design. One such bottleneck is the purification of recombinant proteins, a vital aspect of biomedical research that frequently fails. To improve success rates, researchers must manually define optimal large-scale purification conditions and establish robust rescue protocols for proteins with low stability or solubility - a time-intensive process. To address this gap, we introduce a multi-agent LLM system that automates the creation and optimization of protein purification protocols to facilitate the production of high-concentration, high-purity protein samples. Our application streamlines the labor-intensive manual process of sequence similarity searches, literature reviews, and protocol comparison. Operating in a tool-like constrained workflow, the system identifies analogous proteins, leverages specialized LLM agents to extract successful purification methodologies from primary source literature, and cross-references them against failed protocols to generate optimization recommendations. Evaluation on a select number of targets demonstrated high accuracy in protocol extraction and the generation of scientifically sound, expert-validated optimization recommendations. While this system reduces complex analysis time from hours to minutes, we identify the lack of programmatic open access to literature, specifically primary citations in the Protein Data Bank, as a fundamental limitation to LLM agent-based scientific workflows. Ultimately, this system demonstrates the feasibility of using LLM agents to streamline wet-lab workflows while preserving methodological transparency and reproducibility.",2026 Mar 11,2026,
pubmed,41941899,https://pubmed.ncbi.nlm.nih.gov/41941899/,OMICX: An AI-powered web platform for integrative analysis of multi-condition single-cell transcriptomics data.,"Here, we introduce OMICX, an interactive, code-free web platform powered by a large language model (LLM) assistant, OMICX-Agent. This intelligent agent enables users to conduct comprehensive single-cell data analyses through natural language conversations, making advanced bioinformatics accessible to all. OMICX-Agent guides users through standard scRNA-seq processing workflows, multi-sample and multi-condition analyses, and integrative studies combining single-cell data with bulk RNA-seq or GWAS summary statistics. We demonstrate OMICX's versatility across three real-world case studies, showcasing its applications in an integrative analysis of scRNA-seq and GWAS summary data; an integrative analysis of scRNA-seq and bulk RNA-seq data; complex multi-condition scRNA-seq data analysis. Designed with usability and reproducibility in mind, OMICX empowers researchers to extract biological insights with ease and confidence. The platform is freely available at https://sqsun.github.io/software.html.",2026 Apr 04,2026,
pubmed,41929300,https://pubmed.ncbi.nlm.nih.gov/41929300/,"AI-Assisted Pneumonia Detection, Localisation and Report Generation from Chest X-rays.","Pneumonia detection in chest X-rays (CXRs) is complicated by high inter-observer variability and overlapping radiographic patterns. While deep learning (DL) solutions show promise, limitations in generalisability and explainability hinder clinical adoption. We address these challenges by introducing a holistic DL-based computeraided diagnosis (CAD) pipeline for pneumonia detection, localisation, and structured report generation from CXRs. We curated the largest composite of publicly available CXRs to date (N=922,634), of which <math xmlns=""http://www.w3.org/1998/Math/MathML""> <mrow><mover><mn>1</mn> <mo>˜</mo></mover> <mn>6</mn> <mo>,</mo> <mn>000</mn></mrow> </math> were used for training. MIMIC-CXR radiology reports were relabelled using a local large language model (LLM), positing that LLM-derived pneumonia labels would yield higher diagnostic sensitivity than the provided rule-based natural language processing (rNLP) labels. DenseNet-121 classifiers were trained on four configurations: MIMIC-CXR (rNLP), MIMIC-CXR (LLM), and each supplemented with VinDr-CXR data. Gradient-weighted Class Activation Mapping (Grad-CAM) provided visual explainability and lung zone-based localisation. LLM-driven relabelling significantly improved human-label agreement (96.5% vs 72.5%, P=1.66<i>×</i>10<sup>-11</sup>). The best-performing model (MIMIC-CXR (LLM) + VinDr-CXR) achieved 82.08% sensitivity and 81.97% precision, surpassing both radiologist sensitivity ranges ( 64-77.7%) and CheXNet's pneumonia F1-score (43.5%). Grad-CAM localisation attained a moderate F1-score of 52.9% (sensitivity=65.7%, precision=44.3%), confirming focus alignment with pathological lung regions while highlighting areas for refinement. These findings demonstrate that LLM-driven label curation, combined with DL, can exceed conventional rNLP and radiologist performance, advancing high-quality data integration in predictive medical imaging. Clinically, our pipeline offers rapid triage, automated report drafting, and real-time pneumonia surveillance; tools that can streamline radiology workflows and mitigate diagnostic errors.",2026 Mar 23,2026,
pubmed,41912700,https://pubmed.ncbi.nlm.nih.gov/41912700/,"Empowering AI data scientists using a multi-agent LLM framework with self-evolving capabilities for autonomous, tool-aware biomedical data analyses.","Artificial intelligence agents are emerging as powerful applications of large language models (LLMs), automating complex tasks and enabling scientific data exploration. However, their use in biomedical data analysis remains limited by the difficulty of handling specialized tools and multistep reasoning. Here we introduce BioMedAgent, a self-evolving LLM multi-agent framework, which learns to use diverse bioinformatics tools and chain them into executable workflows through interactive exploration and memory retrieval algorithms. It allows biomedical users to initiate tasks using natural language, without requiring computational expertise. Evaluated on our newly released BioMed-AQA benchmark comprising 327 biomedical data tasks, BioMedAgent achieved a 77% success rate, surpassing other LLM agents, and generalized robustly to the external BixBench dataset. Beyond benchmarks, it autonomously performs cross-omics analysis, machine-learning modelling and pathology image segmentation, highlighting its potential to advance biomedical research and extend to other scientific domains requiring complex tool integration and multistep reasoning.",2026 Mar 30,2026,
pubmed,41890081,https://pubmed.ncbi.nlm.nih.gov/41890081/,ChatSpatial: Schema-Enforced Agentic Orchestration for Reproducible and Cross-Platform Spatial Transcriptomics.,"Spatial transcriptomics has transformed our ability to study tissue architecture at molecular resolution, yet analyzing these data demands navigating dozens of computational methods across incompatible Python and R ecosystems-forcing researchers to devote more effort to making tools function than to pursuing biological questions. We present ChatSpatial, a platform in which the LLM selects from pre-validated tool schemas rather than generating free-form code, with domain expertise embedded in schema descriptions for context-aware parameter inference. Built on the Model Context Protocol (MCP), ChatSpatial unifies 60+ methods across 15 analytical categories into a single conversational workflow spanning Python and R ecosystems. Replication of two published studies-recovering subclonal heterogeneity in ovarian cancer and tumor microenvironment organization in oral squamous cell carcinoma-and validation across seven LLM platforms demonstrate that schema-enforced orchestration yields near-deterministic reproducibility at the workflow level for multi-step spatial analyses. Beyond replication, exploratory cross-method analyses illustrate practical triangulation across independent analytical frameworks.",2026 Mar 09,2026,
pubmed,41887499,https://pubmed.ncbi.nlm.nih.gov/41887499/,AI agents in drug discovery: applications and case studies.,"AI agents are emerging as transformative tools in drug discovery, with the ability to autonomously reason, act and learn through complicated research workflows. Building on large language models and specialized tools, these systems can integrate biomedical data, execute tasks, conduct experiments and iteratively refine hypotheses. We provide a conceptual overview of agentic AI architectures and illustrate their applications across key stages of drug discovery, including literature synthesis, automated protocol generation, toxicity prediction, small-molecule synthesis, drug repurposing and end-to-end decision-making. Early implementations demonstrate substantial gains in speed, reproducibility and scalability. We discuss the challenges related to data heterogeneity, system reliability, privacy, benchmarking and outline future directions toward technology in support of science and translation.",2026 Mar 24,2026,
pubmed,41876500,https://pubmed.ncbi.nlm.nih.gov/41876500/,TrialMatchAI: an end-to-end AI-powered clinical trial recommendation system to streamline patient-to-trial matching.,"Patient recruitment remains a major bottleneck in clinical trials, calling for scalable and automated solutions. We present TrialMatchAI, an AI-powered recommendation system that automates patient-to-trial matching by processing heterogeneous clinical data, including structured records and unstructured physician notes. Built on fine-tuned, open-source large language models (LLMs) within a retrieval-augmented generation framework, TrialMatchAI ensures transparency and reproducibility and maintains a lightweight deployment footprint suitable for clinical environments. The system normalizes biomedical entities, retrieves relevant trials using a hybrid search strategy combining lexical and semantic similarity, re-ranks results, and performs criterion-level eligibility assessments using medical Chain-of-Thought reasoning. This pipeline delivers explainable outputs with traceable decision rationales. In real-world validation, 92% of oncology patients had at least one relevant trial retrieved within the top 20 recommendations. Evaluation across synthetic and real clinical datasets confirmed state-of-the-art performance, with expert assessment validating over 90% accuracy in criterion-level eligibility classification - particularly excelling in biomarker-driven matches. Designed for modularity and privacy, TrialMatchAI supports Phenopackets-standardized data, enables secure local deployment, and allows seamless replacement of LLM components as more advanced models emerge. By enhancing efficiency, interpretability and offering lightweight, open-source deployment, TrialMatchAI provides a scalable solution for AI-driven clinical trial matching in precision medicine.",2026 Mar 25,2026,
pubmed,41874150,https://pubmed.ncbi.nlm.nih.gov/41874150/,A Review of Multi-Agent AI Systems for Biological and Clinical Data Analysis.,"This review evaluates the emerging paradigm of multi-agent systems (MASs) for biomedical and clinical data analysis, focusing on their ability to overcome the reasoning and reliability limitations of standalone large language models (LLMs). We synthesize findings from recent architectural frameworks, specifically LangGraph, CrewAI, and the Model Context Protocol (MCP), to examine how specialized agent teams divide labor, utilize precision tools, and cross-verify outputs. We find that MAS architectures yield significant performance gains in various domains: recent implementations improved oncology decision-making accuracy from 30.3% to 87.2% and reached a peak of 93.2% accuracy on USMLE-style benchmarks through simulated clinical evolution. In clinical trial matching, multi-agent frameworks achieved 87.3% accuracy and enhanced clinician screening efficiency by 42.6% (<i>p</i> < 0.001). However, we also highlight critical operational challenges, including an unreliability tax of 15-50× higher token consumption compared to standalone models and the risk of cascading errors where initial hallucinations are amplified across the agent collective. We conclude that while MAS enables a shift toward collaborative intelligence in biomedicine, its clinical and research adoption requires the development of deterministic orchestration and rigorous cost-utility frameworks to ensure safety and expert-centered oversight.",2026 Feb 28,2026,
pubmed,41867763,https://pubmed.ncbi.nlm.nih.gov/41867763/,Application of large language models to the annotation of cell lines and mouse strains in genomics data.,"Accurate, consistent and comprehensive metadata are essential for the reuse of functional genomics data deposited in repositories such as the Gene Expression Omnibus (GEO), however, achieving this often requires careful manual curation that is time-consuming, costly and prone to errors. In this paper, we evaluate the performance of Large Language Models (LLMs), specifically OpenAI's GPT-4o, as an assistive tool for entity-to-ontology annotation of two commonly encountered descriptors in transcriptomic experiments - mouse strains and cell lines. Using over 9,000 manually curated experiments from the Gemma database and over 5,000 associated journal articles, we assess the model's ability to identify relevant free-text entries and map them to appropriate ontology terms. Using zero-shot prompting and retrieval-augmented generation (RAG) to incorporate domain-specific ontology knowledge, GPT-4o correctly annotated 77% of mouse strain and 59% of cell line experiments, and uncovered manual curation errors in Gemma for over 200 experiments. GPT-4o substantially outperformed a regular expression-based string-matching method, which correctly annotated only 6% of mouse strain experiments due to low precision. Model errors often arose from typographical mistakes or inconsistent naming in the GEO record or publication, and resembled those made by human curators. Along with annotations, our approach requests that the model output supporting context and quotes from the sources. These were typically accurate and enabled rapid curator verification. These findings suggest that LLMs are not ready to fully replace manual curators, but can already effectively support them. A human-in-the-loop workflow, in which LLM's annotations are provided to human curators for validation, may improve the efficiency and quality of large-scale biomedical metadata curation.",2026 Mar 12,2026,
pubmed,41845065,https://pubmed.ncbi.nlm.nih.gov/41845065/,CellVoyager: AI CompBio agent generates new insights by autonomously analyzing biological data.,"Modern biology increasingly relies on complex, high-dimensional datasets such as single-cell RNA sequencing (scRNA-seq), which present a vast space of potential hypotheses. Systematically exploring this space is often impractical, as scRNA-seq analyses are time-consuming and require substantial computational and domain expertise. To address this challenge, we introduce CellVoyager, an AI agent built on large language models that autonomously generates and implements scRNA-seq analyses within a Jupyter notebook environment. We evaluate CellVoyager on CellBench, a benchmark of 76 published scRNA-seq studies, where it outperforms GPT-4o and o3-mini by up to 23% in predicting which analyses authors ultimately conducted, given only the papers' background sections. Across three in-depth case studies, CellVoyager generated novel findings in COVID-19, cell-cell communication and aging that experts consistently rated as creative and scientifically sound. These results demonstrate CellVoyager's potential to accelerate computational biology and uncover missing insights by autonomously analyzing biological data at scale.",2026 Apr,2026,
pubmed,41844379,https://pubmed.ncbi.nlm.nih.gov/41844379/,zERExtractor: An Automated Platform for Enzyme-Catalyzed Reaction Data Extraction from Scientific Literature.,"The rapid expansion of enzyme reaction literature has created a major bottleneck in database curation, leaving vast amounts of enzyme-substrate-condition relationships unstructured and inaccessible for DL-driven modeling. How to fully utilize the enzymatic reaction data has been an important task for future accurate enzyme activity prediction models. Current deep learning (DL)-based data extraction models heavily rely on large language models (LLMs) without a fidelity check and the ability to continuously evolve. To address these issues, we developed zERExtractor (<b>Z</b>elixir's <b>E</b>nzyme <b>R</b>eaction Data <b>E</b>xtractor), an accuracy-oriented and extensible platform for extracting enzyme-catalyzed reaction data from scientific publications. This system offers a unified multimodal information extraction framework (covering molecular reaction diagrams, tables, and texts) to integrate enzymatic reaction descriptors into structured storage. We employ fine-tuned large LLMs together with DL in a human-in-the-loop pipeline that evolves through data fidelity validation by experts and active learning. Also, zERExtractor achieves 89.9% accuracy in table recognition and over 98% accuracy in molecular image recognition on synthetic data sets, outperforming the strongest baseline by more than 2% and consistently maintaining above 95% on realistic benchmarks. zERExtractor bridges the data gap in enzyme reaction data with a scalable framework for accurate multimodal extraction, advancing DL-driven enzyme modeling and enabling future applications in computational enzymology and biotechnology. The platform is publicly accessible online at https://zpaper.zelixir.com/.",2026 Apr 13,2026,
pubmed,41808990,https://pubmed.ncbi.nlm.nih.gov/41808990/,The Virtual Biotech: A Multi-Agent AI Framework for Therapeutic Discovery and Development.,"Drug discovery and development requires integrating diverse evidence across biological scales and data modalities. However, relevant data, tools, and expertise remain fragmented across teams and organizations, making integration difficult. To address these challenges, we introduce the Virtual Biotech, a coordinated team of AI agents that mirrors the structure of human therapeutic research organizations to support end-to-end computational discovery. The Virtual Biotech is led by a Chief Scientific Officer agent that receives scientific queries, delegates them to domain-specialized scientist agents, and integrates their outputs through data-driven reasoning. Scientist agents leverage complementary tools and knowledge sources spanning statistical genetics, functional genomics, pathways and interactions, chemoinformatics, disease biology, and clinical data. We showcase the Virtual Biotech across three translational applications. First, the agents autonomously annotated and analyzed outcomes from 55,984 clinical trials to identify genomic features of drug targets associated with trial success. More than 37,000 clinical-trialist agents curated structured trial outcomes and linked targets to multi-omic annotations, including cell-type-specific features derived by the agents from single-cell RNA-sequencing atlases. The agents discovered that drugs targeting cell-type-specific genes were 40% more likely to progress from Phase I to Phase II and 48% more likely to reach market (Phase IV), while exhibiting 32% lower adverse event rates. Second, the Virtual Biotech evaluated B7-H3 as a lung cancer target, integrating statistical genetics, single-cell, spatial, and clinicogenomic evidence to propose an antibody-drug conjugate strategy while identifying key liabilities and differentiation opportunities. Third, the platform analyzed a terminated ulcerative colitis trial targeting OSMR <i>β</i> to infer potential failure mechanisms and proposed biomarker-guided enrollment strategies to address precision-medicine gaps. Together, these results illustrate how the Virtual Biotech can enable more transparent, efficient, and comprehensive multi-scale therapeutic analyses, helping to accelerate early-stage drug discovery workflows while keeping human scientists in the loop.",2026 Feb 23,2026,
pubmed,41806147,https://pubmed.ncbi.nlm.nih.gov/41806147/,Nanopore direct RNA sequencing for RNA modification analysis: workflow assessment and computational tool benchmarking.,"Recent advancements in sequencing technologies have transformed the characterization of genomic and transcriptomic complexity. In this review, we present a comprehensive overview of Oxford Nanopore Technologies (ONT), emphasizing its unique capability for real-time, long-read, and direct RNA sequencing. We begin by outlining the core ONT analytical workflow-base calling, alignment, re-squiggling, and quality control-and summarize the major computational tools applied at each stage. Then extensive illustrations of various RNA modification detection techniques are provided, spanning from statistical models, machine learning and deep learning frameworks to advanced strategies incorporating large language models. To assess methodological performance, additional benchmark analyses of m6A and pseudouridine (Ψ) are carried out across two publicly available datasets. These results demonstrate substantial variability across different tools, underscoring the inherent difficulties in reliably detecting modifications from ONT signals. We further examine the biological roles of key RNA modifications and contrast ONT-based approaches with conventional detection technologies. Finally, we discuss persistent limitations such as sequencing error rates, data and computational demands, and the complexity of multi-modification inference, and further propose future directions aimed at improving accuracy, robustness, and biological interpretability in ONT-based epitranscriptomic research.",2026 Mar 10,2026,
pubmed,41768541,https://pubmed.ncbi.nlm.nih.gov/41768541/,Bridging the computational-experimental gap: leveraging large language model to prioritize Alzheimer's therapeutics based on comparison of learning models.,"Alzheimer's Disease<sup>1</sup> (AD) necessitates accelerated treatment discovery, positioning drug repurposing as a vital strategy. While computational approaches such as knowledge graph reasoning and transcriptomics show promise, they often yield divergent results, complicating the selection of candidates for experimental follow-up<sup>2,3</sup>. To bridge the gap between computational prediction and in vivo validation, we propose an advanced framework leveraging large language models (LLMs). We systematically evaluated three state-of-the-art computational methods (TxGNN, CompGCN, and regularized logistic regression (RLR)) to generate a unified list of 90 candidates. An LLM-based agent was then used to automate evidence synthesis from biomedical literature, mimicking expert curation to efficiently refine the list using transparent selection criteria. Validated against real-world AD patient data, clinical trial registries, and pharmacological reviews, our framework demonstrated high robustness and clinical relevance. By integrating computational predictions with scalable evidence synthesis, this approach enhances the efficiency and consistency of candidate prioritization. Ultimately, this versatile framework offers a scalable pathway to accelerate the translation of repurposed drugs for AD and other complex diseases.",2026,2026,
pubmed,41744227,https://pubmed.ncbi.nlm.nih.gov/41744227/,Artificial intelligence-powered prediction of diabetic complications: from clinical data to molecular omics.,"Diabetic complications are a major cause of disability and mortality among patients, and early identification of high-risk individuals is essential for precision prevention and management. In recent years, the rapid advancement of artificial intelligence (AI) has provided transformative tools for risk prediction and clinical decision support in diabetes care. In this narrative review, we systematically surveyed studies published between January 2015 and June 2025 in PubMed, Web of Science, and Scopus that applied AI-based predictive modeling for three major diabetic complications: diabetic retinopathy (DR), diabetic nephropathy (DN), and diabetic cardiovascular disease (CVD). A total of 58 studies were included, encompassing models based on clinical features, molecular omics, medical imaging, and multimodal data integration. Cross-scale and multimodal data fusion has emerged as a promising new paradigm, demonstrating improved predictive performance over single-modality approaches in three major diabetic complications. We also summarize the evolution from traditional machine learning to deep learning and, more recently, to large language models and agent-based systems, comparing their methodological characteristics, strengths, and suitable application scenarios. Finally, we proposed an actionable six-step framework and clinical translation pathway for AI in diabetic complications, outlining key steps from data curation and model development to validation, regulatory compliance, and real-world implementation. Together, these insights provide a roadmap toward developing robust, transparent, and clinically deployable AI systems capable of transforming the prevention and management of diabetic complications.",2026 Jan 07,2026,
pubmed,41744224,https://pubmed.ncbi.nlm.nih.gov/41744224/,Artificial Intelligence agents for biological research: a survey.,"The rapid growth of biological data and experimental complexity has motivated increasing interest in artificial intelligence (AI) systems that extend beyond static prediction toward autonomous reasoning and action. While recent computational models achieve strong predictive performance, they largely operate as passive tools within human-driven research workflows. In contrast, AI agents integrate reasoning, planning, tool invocation, and feedback-driven refinement, enabling more adaptive and interactive forms of biological analysis. This survey provides a systematic synthesis of recent progress in biological AI agents by reviewing over 100 representative studies across clinical analytics, molecular and drug design, multi-omics analysis, and knowledge discovery. We introduce a unified 5D taxonomy that organizes existing work along task domains, system architectures, interaction modes, evaluation strategies, and resource integration. Building on this framework, we analyze common design patterns, highlight emerging capabilities enabled by agentic paradigms, and identify key open challenges, including reliability, privacy, scalability, and standardized evaluation. Collectively, this survey clarifies the conceptual and methodological landscape of biological AI agents and outlines directions toward more robust, transparent, and collaborative agent-based systems for biological research. To serve as a living resource for the community, we curated a GitHub repository that includes resources and benchmark summaries, available at https://github.com/MineSelf2016/biological_agents_survey.",2026 Jan 07,2026,
pubmed,41742311,https://pubmed.ncbi.nlm.nih.gov/41742311/,Benchmarking LLM-based agents for single-cell omics analysis.,"The surge in single-cell omics data exposes limitations in traditional, manually defined analysis workflows. AI agents offer a paradigm shift, enabling adaptive planning, executable code generation, traceable decisions, and real-time knowledge fusion. However, the lack of a comprehensive benchmark critically hinders progress. We introduce a novel benchmarking evaluation system to rigorously assess agent capabilities in single-cell omics analysis. This system comprises: a unified platform compatible with diverse agent frameworks and LLMs; multidimensional metrics assessing cognitive program synthesis, collaboration, execution efficiency, bioinformatics knowledge integration, and task completion quality; and 50 diverse real-world single-cell omics analysis tasks spanning multi-omics, species, and sequencing technologies. Our evaluation reveals that Grok3-beta achieves state-of-the-art performance among tested agent frameworks. Multi-agent frameworks significantly enhance collaboration and execution efficiency over single-agent approaches through specialized role division. Attribution analyses of agent capabilities identify that high-quality code generation is crucial for task success, and self-reflection has the most significant overall impact, followed by retrieval-augmented generation (RAG) and planning. This work highlights persistent challenges in code generation, long-context handling, and context-aware knowledge retrieval, providing a critical empirical foundation and best practices for developing robust AI agents in computational biology.",2026 Feb 25,2026,
pubmed,41729821,https://pubmed.ncbi.nlm.nih.gov/41729821/,MCPmed: a call for Model Context Protocol-enabled bioinformatics web services for LLM-driven discovery.,"Bioinformatics web servers are critical resources in modern biomedical research, facilitating interactive exploration of datasets through custom-built interfaces with rich visualization capabilities. However, this mostly human-centric design limits machine readability for large language models (LLMs) and deep research agents. We address this gap by adapting model context protocol (MCP) to bioinformatics web server backends, a standardized, machine-actionable layer that explicitly associates web service endpoints with scientific concepts and detailed metadata. Our implementations across widely used databases (GEO, STRING, and UCSC Cell Browser) demonstrate enhanced exploration capabilities through MCP-enabled LLMs. To accelerate adoption, we propose MCPmed, a community effort supplemented by lightweight breadcrumbs for services not yet fully MCP-enabled and templates for setting up new servers. This structured transition aims to significantly enhance automation, reproducibility, and interoperability, preparing bioinformatics web services for next-generation research agents.",2026 Jan 07,2026,
pubmed,41726985,https://pubmed.ncbi.nlm.nih.gov/41726985/,A multi-agent platform for assessment and improvement of bioinformatics software documentation.,"Rapid advances in bioinformatics have transformed biomedical research in areas such as single-cell and spatial omics, digital pathology, and multi-modal data integration, yet software usability and reproducibility have not kept pace with the growing complexity and proliferation of computational tools. Inconsistent, incomplete, or inaccessible documentation remains a pervasive and underappreciated barrier, limiting tool adoption, hindering reproducibility across laboratories, and reducing the long-term impact of computational methods. Here, we introduce BioGuider, a multi-agent platform designed to systematically evaluate and improve documentation quality in bioinformatics software. Rather than treating documentation as ancillary text, BioGuider models it as a first-class, testable object. The platform implements a modular pipeline for documentation collection, assessment, reporting, and optional correction, with specialized agents that emulate real-world user interactions. BioGuider evaluates documentation against standardized, task-oriented criteria spanning installation, configuration, usage, and tutorials, and supports iterative, constraint-aware refinement while preserving code integrity and biological context. We benchmark BioGuider using a controlled error-injection framework that introduces realistic documentation failures across general, biology-specific, and configuration-related categories. Across multiple large language models, BioGuider demonstrates robust error detection and correction, with strong performance maintained under severe documentation degradation. Applying BioGuider to 47 widely used bioinformatics tools, we observe a positive association between documentation quality and citation frequency, highlighting documentation as a previously under-quantified driver of software adoption and scientific impact.",2026 Feb 10,2026,
pubmed,41715150,https://pubmed.ncbi.nlm.nih.gov/41715150/,AI-driven CRISPR screening: optimizing gene editing through automation and intelligent decision support.,"CRISPR-based genetic screening has become a central methodology in functional genomics, enabling systematic interrogation of gene function, genetic interactions and context-dependent vulnerabilities at scale. However, the rapid expansion of screening modalities-including multi-condition designs, combinatorial perturbations, in vivo applications and single-cell readouts-has exposed fundamental limitations of heuristic-driven experimental design and post hoc statistical analysis. This Review synthesizes how artificial intelligence is reshaping CRISPR screening by introducing predictive, adaptive and system-level intelligence across the experimental lifecycle. We organize recent advances into two tightly coupled modules. First, machine learning and deep learning (ML/DL) methods optimize experimental design by learning context-dependent perturbation behavior, anticipating confounding effects and enabling iterative, information-efficient screening strategies. Second, large language model-agent (LLM-agent) systems complement these advances by externalizing scientific reasoning, integrating biological knowledge at scale and coordinating analysis and decision-making in human-in-the-loop workflows. Together, ML/DL and LLM-agent approaches reframe CRISPR screening from a static analytical pipeline into an intelligent experimental system, with important implications for robustness, scalability and biological discovery.",2026 Feb 19,2026,
pubmed,41697918,https://pubmed.ncbi.nlm.nih.gov/41697918/,EPINTLM: enhancer-promoter prediction with pretrained k-mer embeddings and residual cross-attention.,"Enhancer-promoter interactions (EPIs) play an important role in gene regulation, yet experimental mapping remains costly and limited in coverage. As a result, computational approaches are commonly evaluated under curated benchmark datasets, which pose challenges related to long-range sequence modeling, multimodal feature integration, and reproducible preprocessing. In this study, we present EPINTLM (Enhancer-Promoter Interaction Nucleotide Transformer Large Model), a deep learning framework designed to investigate architectural strategies for EPI prediction under standardized benchmark settings. EPINTLM integrates DNA sequence representations and genomic features by leveraging pretrained k-mer embeddings from the Nucleotide Transformer and explicitly modeling intra- and inter-sequence dependencies through residual self-attention and bidirectional cross-attention. We additionally introduce a unified preprocessing pipeline to improve training efficiency and reproducibility, and perform post hoc motif analysis to provide limited interpretability of learned sequence patterns. Evaluated on a widely used benchmark across six human cell lines, EPINTLM achieves competitive area under the receiver operating characteristic curve (AUROC) and area under the precision-recall curve (AUPR) performance relative to existing methods, with ablation studies highlighting the contributions of cross-attention and residual aggregation. These results demonstrate the utility of explicit cross-attention designs for paired regulatory sequence modeling within current benchmark constraints.",2026 Jan 07,2026,
pubmed,41678290,https://pubmed.ncbi.nlm.nih.gov/41678290/,Development of retrieval-augmented generation-based large language model for drug-induced liver injury using Livertox data.,"Idiosyncratic DILI is a complex clinical challenge requiring timely and accurate decision support. LiverTox, curated by the National Institute of Health (NIH), offers a comprehensive DILI evidence base, but its encyclopedia-like format hinders point-of-care use. Health care providers increasingly use general large language models (LLMs) for clinical care, raising safety concerns due to LLM hallucinations or misinformation. We hypothesize that retrieval-augmented generation (RAG) integration-grounding LLM responses in LiverTox content-would enable accurate DILI decision support. We processed 1343 LiverTox drug monographs into 8759 indexed segments using BioBERT embeddings. We developed a RAG pipeline that employs drug-specific prioritization, section-aware weighting, and semantic search to retrieve the most relevant content per query. Twenty-five DILI questions were evaluated across 6 models: 4 RAG-LLMs: Mistral-7B, Claude-3-Haiku, Claude-3-Opus, and GPT-4o, and 2 non-RAG GPT-4o variants (unconstrained; soft constrained with a prompt to reference LiverTox). Three hepatologists, blinded to the model, evaluated responses for accuracy, completeness, and conciseness using 5-point Likert scales. Analyses included pairwise comparisons and effect size estimation. One hundred fifty model responses were evaluated with good inter-rater reliability. GPT-4o (RAG) achieved the highest overall scores (4.47±0.10). RAG-LLMs outperformed non-RAG GPT-4o variants in accuracy (p<0.001) and completeness (p<0.01). Moderate to large effect sizes in accuracy (d=0.778) and completeness (d=0.526) were noted with RAG. No hallucinations were observed in RAG-LLM outputs, while both non-RAG GPT-4o variants produced several hallucinated responses. There were no significant differences in scoring or hallucinated response rate between the 2 non-RAG variants. We developed an RAG-LLM integrated with LiverTox for evidence-based DILI management. RAG-LLM systems outperformed non-RAG variants and produced responses without observed hallucinations in this evaluation. Our LiverTox RAG-LLM enables reliable answers to drug hepatotoxicity questions at the point of care.",2026 Mar 01,2026,
pubmed,41677795,https://pubmed.ncbi.nlm.nih.gov/41677795/,Enhanced semantic classification of microbiome sample origins using large language models (LLMs).,"Over the past decade, central sequence repositories have expanded significantly in size. This vast accumulation of data holds value and enables further studies, provided that the data entries are well annotated. However, the submitter-provided metadata of sequencing records can be of heterogeneous quality, presenting significant challenges for re-use. Here, we test to what extent large language models (LLMs) can be used to cost-effectively automate the re-annotation of sequencing records against a simplified classification scheme of broad ecological environments with relevance to microbiome studies, without fine-tuning. This effort directly contributes to improving the FAIRness-findability, accessibility, interoperability, and reusability-of microbiome sequencing metadata, thereby enhancing their ""AI readiness"" for downstream computational analyses. We focused on sequencing samples taken from the environment, for which metadata is important. We employed OpenAI Generative Pre-trained Transformer models, and assessed scalability, time- and cost-effectiveness, as well as performance against a diverse, hand-curated benchmark with 1,000 examples that span a wide range of complexity in metadata interpretation. Annotation performance markedly outperformed that of a baseline, manually curated, non-ML keyword-based approach. Changing models (or model parameters) has only minor effects on performance, but prompts need to be carefully designed to match the task. Furthermore, when we compared proprietary OpenAI models with open-weight alternatives (e.g., Qwen, meta-Llama, and Microsoft-Phi-4), we found comparable accuracy for both biome and sub-biome classification, indicating that open-weight architectures can match the performance of proprietary models for large-scale ecological metadata re-annotation. We validated the pipeline with 1,000 hand-curated samples, and we applied the optimized pipeline to 2 million sequencing records from the environment, providing coarse-grained yet standardized sample origin annotations covering the globe. Our work demonstrates the effective use of LLMs to simplify and standardize annotation from complex biological metadata.",2026 Jan 21,2026,
pubmed,41676324,https://pubmed.ncbi.nlm.nih.gov/41676324/,Predicting drug-perturbed transcriptional responses using multi-conditional diffusion transformer.,"Drug-perturbed transcriptomes are important for personalized medicine and drug discovery. Nevertheless, the existing high-throughput screening and sequencing techniques for drug-perturbed transcriptomes remain expensive and time-consuming. In this study, we propose a novel multi-condition diffusion transformer model, designated as perturbation diffusion transformer (PertDiT), which is tailored for conditionally generating the perturbed transcriptomes based on drug text information. PertDiT combines the potent transformer architecture with the text representation of pre-trained large language models and utilizes a novel perturbation and transcriptome fusion modules. We have designed two network structures, namely, CrossDiT and CatCrossDiT, applicable to drug discovery and personalized medicine scenarios, respectively. Through a comprehensive set of metrics and an effective data splitting strategy, our model outperforms existing methods, demonstrating a superior ability in post-perturbation transcriptome reconstruction and the prediction of perturbation-induced transcriptional changes. The rationality and effectiveness of the model structure have also been meticulously validated.",2026 Mar,2026,
pubmed,41667950,https://pubmed.ncbi.nlm.nih.gov/41667950/,ViralQuest: a user-friendly interactive pipeline for viral-sequences analysis and curation.,"High-throughput sequencing (HTS) has become an essential, unbiased tool in virology for identifying known and novel viruses. However, analyzing the large and complex datasets generated by HTS presents significant bioinformatics challenges. The process of accurately identifying and characterizing viral sequences from assembled contigs remains a bottleneck, often requiring specialized expertise and involving non-standardized parameters. There is a pressing need for robust, user-friendly, and reproducible pipelines to streamline this post-assembly analysis. To address these challenges, we developed <i>ViralQuest</i>, a bioinformatics tool that automates the in-depth characterization of viral sequences from pre-assembled contigs. The pipeline integrates multiple lines of evidence for robust identification, using Diamond BLASTx against the Viral RefSeq database and pyHMMER searches against the RVDB, Vfam, and eggNOG profile HMM databases. For detailed characterization, <i>ViralQuest</i> performs taxonomic classification based on the ICTV nomenclature and functional annotation via Pfam domain analysis. Novel features of <i>ViralQuest</i> include an AI-powered summarization module that uses a Large Language Model (LLM) to generate contextual narratives for key viral findings and a comprehensive confidence score to rank putative viral contigs. All results are consolidated into a single, interactive HTML report that includes dynamic visualizations of contigs, ORFs, and protein domains, alongside detailed data tables that are exportable in TSV and SVG formats. <i>ViralQuest</i> provides an accessible and comprehensive solution for the post-assembly analysis of viral metagenomic data. By combining rigorous bioinformatics methods with novel AI-driven features and an intuitive reporting interface, it streamlines the complex process of viral identification and characterization. The tool enhances the interpretability and reliability of results, making in-depth virome analysis more accessible to the broader research community. <i>ViralQuest</i> is available on GitHub at https://github.com/gabrielvpina/viralquest/. The online version contains supplementary material available at 10.1186/s12859-026-06391-6.",2026 Feb 10,2026,
pubmed,41648300,https://pubmed.ncbi.nlm.nih.gov/41648300/,GARD: Genomic Data based Drug Repurposing in Head and Neck Cancer with Large Language Model Validation.,"Head and neck cancer (HNC) represents the seventh most common cancer diagnosis globally, yet current treatments, including surgery, radiation, and immunotherapy, have shown limited improvement in outcomes. Drug repurposing offers a cost-effective strategy to identify new therapeutic options by leveraging existing medications with known safety profiles. Within this study we developed the <b>GARD</b> pipeline (<b>G</b>enomic <b>A</b>lteration-based <b>R</b>epurposing for <b>D</b>rugs), designed to uncover repurposing candidates for HNC using genomic and network-based approaches. GARD integrates multi-omics data from The Cancer Genome Atlas (TCGA), including copy number variation (CNV) and somatic mutations (SOM). The cohort was stratified by human papillomavirus (HPV) status. Risk-associated genes were identified and then expanded via high-confidence protein-protein interaction (PPI) networks. Top candidate genes were filtered through comprehensive analysis of publicly available literature data in PubMed using LLM to validate the relationship between the identified genes and HNC. The validated top risk genes and their network-expanded neighbors were mapped against DrugBank, and through statistical significance testing, established significant drug-gene associations. Significant genes associated with HNC, inferred by genomics alteration, were identified across HPV-positive and HPV-negative subgroups, such as PIK3CA, SOX2, TP53, EIF4G1, TLR7, CLDN1, PRKCI, and EPHA2. Further expansion through the PPI network identified other targetable genes such as EGFR, ERBB2, and the FGFRs. Literature based validation efforts ensured provided confidence in the gene-disease association. Drug-gene mapping revealed candidates spanning already in clinical trials for HNC (e.g. Afatinib, Cabozantinib, Dasatinib, Brigatinib, Lenvatinib, Capivasertib, Erdafitinib) and emerging or repurposing candidates (Amuvatinib, XL765 (Voxtalisib), Golotimod, Artenimol, Quercetin, and Acetylsalicylic Acid), offering opportunities for precision repurposing. The GARD pipeline demonstrates a genomics-driven, network-informed framework for systematic drug repurposing in HNC. HPV stratification enhances precision, literature-based validation strengthens confidence, and integrated drug mapping enables refinement of existing therapies and discovery of novel candidates for personalized treatment strategies. The full implementation of the GARD pipeline, including preprocessing scripts, statistical analysis modules, and visualization tools, is publicly available on GitHub at: https://github.com/pvtanike/Genomic-Landscape-Based-Drug-Repurposing.git.",2026 Jan 16,2026,
pubmed,41571796,https://pubmed.ncbi.nlm.nih.gov/41571796/,Making large language models reliable data science programming copilots for biomedical research.,"Large language models (LLMs) can generate impressive data visualizations from simple requests, yet their accuracy remains underexplored. Here we present a benchmark of 293 coding tasks derived from 39 studies across 7 biomedical research areas, including biomarkers, integrative analysis, genomic profiling, molecular characterization, therapeutic response, translational research and pan-cancer analysis. Benchmarking eight proprietary and eight open-source LLMs under various prompting strategies reveals an overall accuracy below 40%. This low accuracy raises serious concerns about the risk of propagating incorrect scientific findings when blindly relying on AI-generated analyses. Therefore, we develop an AI agent that begins with and iteratively refines an analysis plan before generating code, achieving 74% accuracy. We embody this insight in a platform that enables users to codevelop analysis plans with LLMs and execute them within an integrated environment. In a user study with five medical researchers, the platform enabled users to complete over 80% of the analysis code for three studies.",2026 Jan 22,2026,
pubmed,41571772,https://pubmed.ncbi.nlm.nih.gov/41571772/,Early diagnosis of axial spondyloarthritis in primary care using multi-agent systems.,"Axial spondyloarthritis (axSpA) is an inflammatory disease marked by chronic low back pain, with a global average diagnostic delay of 6.7 years. Early diagnosis is crucial for improving prognosis and reducing disability rates, yet primary care physicians (PCPs) may find it challenging to ensure timely recognition and referrals. This study developed and validated Spondyloarthritis Agents (SpAgents), an early diagnostic system based on a multi-agent framework integrating large language models (LLMs) and imaging models. The SpAgents framework includes PlannerAgent, DataAgent, ToolAgent, and DoctorAgent, supported by long-term memory for dynamic knowledge updates. We enrolled 596 patients, dividing 545 from one hospital into a training dataset (n = 359) and a validation dataset (n = 186), along with an independent cohort of 51 patients from five additional hospitals for testing. SpAgents demonstrated strong diagnostic performance, achieving sensitivity of 0.8615 and specificity of 0.8000 during validation, and 0.9375 and 0.7368 during testing. SpAgents exhibited significantly higher sensitivity (0.9400) and accuracy (0.8600) than both PCPs and junior rheumatologists, with overall performance equivalent to that of senior rheumatologists. Under SpAgents-assisted diagnosis, both PCPs and junior rheumatologists showed marked improvements in sensitivity and accuracy. SpAgents effectively enhance early axSpA identification among PCPs, offering an innovative solution to reduce diagnostic delays.",2026 Jan 22,2026,
pubmed,41566401,https://pubmed.ncbi.nlm.nih.gov/41566401/,GastroTCM: a large language model assistant for gastroenterology in traditional Chinese medicine.,"Large language models (LLMs) show promise for supporting Traditional Chinese Medicine (TCM) practice, but their clinical utility is limited by domain-specific knowledge gaps, hallucinations, and weak multi-turn reasoning. We present GastroTCM, a specialised LLM assistant for TCM gastroenterology that we built by fine-tuning a Llama3-8B model and augmenting it with a Retrieval-Augmented Generation (RAG) and an agent framework. GastroTCM targets key shortcomings in current TCM diagnostic support through three components: (1) a dedicated TCM gastroenterology vector database for efficient retrieval of high-value, peer-reviewed knowledge; (2) ShareGPT-style multi-turn dialogue optimisation to preserve clinical context across rounds; and (3) an intelligent agent that dynamically adapts its responses to evolving symptom profiles and user intent.GastroTCM was trained on approximately 20 million tokens of de-identified clinical records, guideline-based content, and expert-curated TCM question-answer pairs and evaluated against strong Chinese LLM baselines (ChatGLM-6B, Qwen-2). In automatic evaluations, GastroTCM outperformed all baselines in single-turn dialogue (BLEU: 0.334 vs. 0.172-0.246) and multi-turn consultations, where it achieved a substantially higher rate of proactive, clinically appropriate interactions (27/60 vs. ≤ 2/60 cases). Expert review by TCM gastroenterologists further confirmed higher diagnostic accuracy and safety, with the RAG module markedly reducing unsupported or hallucinated statements. These findings suggest that domain-specific, retrieval-enhanced LLMs can meaningfully augment-rather than replace-TCM practitioners in gastroenterology, with the potential to improve access to high-quality, explainable decision support in real-world settings.",2026 Jan 22,2026,
pubmed,41544626,https://pubmed.ncbi.nlm.nih.gov/41544626/,A context-augmented large language model for accurate precision oncology medicine recommendations.,"The rapid expansion of molecularly informed therapies in oncology, coupled with evolving regulatory food and drug administration (FDA) approvals, poses a challenge for oncologists seeking to integrate precision oncology medicine into patient care. Large language models (LLMs) have clinical potential, but their reliance on general knowledge limits their ability to provide up-to-date and niche treatment recommendations. Here, we developed a retrieval-augmented generation (RAG)-LLM workflow using the molecular oncology almanac (MOAlmanac) and benchmarked it against an LLM-only approach for biomarker-driven treatment recommendations. Our RAG-LLM achieved up to 95% accuracy on synthetic queries and 93% on real-world queries collected from practicing oncologists. Finally, our study explored several prompting and retrieval strategies to enhance performance. Taken together, this approach may serve as valuable guidance for deploying LLMs to support cancer patients' treatment decisions in precision oncology clinical settings.",2026 Mar 09,2026,
pubmed,41542365,https://pubmed.ncbi.nlm.nih.gov/41542365/,ggplotAgent: a self-debugging multi-modal agent for robust and reproducible scientific visualization.,"Creating publication-quality visualizations is essential for bioinformatics but remains a bottleneck for researchers with limited coding expertise. While Large Language Models (LLMs) are proficient at generating code, they often fail in practice due to library dependencies, dataset mismatches, or syntax errors. These issues require manual intervention, slowing data interpretation. We present ggplotAgent, a novel multi-modal, self-debugging artificial intelligence agent that automates publication-ready ggplot2 visualizations. It features a dual-layered framework that resolves code execution errors and uses a vision-enabled agent to verify aesthetic correctness. In benchmarks against the DeepSeek-V3 model, ggplotAgent achieved a 100% code executability rate(versus 85%) and a ""Publication-Ready"" score of 1.9 (versus 0.7). Surprisingly, it showcased the ability to act as an expert collaborator by intelligently enhancing plots beyond the user's literal prompt, achieving a positive Insight Score of +0.3 over than the baseline (-0.05). These results demonstrate its ability to reliably produce accurate, high-quality visualizations directly from natural language. ggplotAgent is freely accessible as a public web application at https://ggplotagent.databio1.com/ and an offline Streamlit app. The source code is available on GitHub at https://github.com/charlin90/ggplotAgent. This software is distributed under the MIT License.",2026,2026,
pubmed,41537245,https://pubmed.ncbi.nlm.nih.gov/41537245/,Improving biomedical entity linking with generative relevance feedback.,"Biomedical Entity Linking (BEL) maps mentions in biomedical text to standardized identifiers, enabling structured data integration and downstream knowledge discovery. However, current BEL systems remain fundamentally constrained by the recall of the initial candidate pool, where suboptimal retrieval limits the overall effectiveness of the normalization pipeline. We present the first systematic evaluation of Generative Relevance Feedback (GRF) for enhancing candidate retrieval in state-of-the-art BEL systems. GRF leverages large language models (LLMs) to enrich the expressiveness of the mention in a zero-shot fashion. We assess GRF's impact under two scenarios-direct linking prediction and candidate generation in cascading normalization pipelines-and analyze its sensitivity to different LLMs, feedback types, and integration strategies. Experiments across eight corpora and four biomedical knowledge bases demonstrate that integrating GRF significantly improves both accuracy and recall, thereby increasing the upper bound on normalization performance. Our findings highlight GRF as an efficient, model-agnostic solution and underscore its potential as a key component for advancing BEL. The code to reproduce our experiments can be found at: https://doi.org/10.5281/zenodo.17853541.",2026 Jan 03,2026,
pubmed,41534421,https://pubmed.ncbi.nlm.nih.gov/41534421/,Interpreting free-text cardiac catheterisation reports: A machine learning approach informed by focused ethnography.,"To examine how focused ethnographic insights can inform the development of a machine learning pipeline to improve the extraction of clinically relevant information from percutaneous coronary intervention (PCI) documentation and support nursing education and practice. Cardiac catheterisation procedures produce detailed documentation, often embedded in free-text fields in electronic health records. For nurses delivering post-procedural care, extracting this information is time-consuming and prone to error. While machine learning (ML) offers automation potential, many models struggle to handle contextual and structural inconsistencies in real-world documentation. A qualitative-informed machine learning study using focused ethnography and rule-based model development. The study was conducted at a tertiary medical centre in Taiwan and included 200 h of non-participant ethnographic observation to explore documentation practices in PCI reporting. Ethnographic data were thematically analysed to identify structural patterns, linguistic variability and workflow behaviours. These insights informed the iterative development of a rule-based ML pipeline, which was tested on 4128 de-identified PCI reports to evaluate extraction accuracy. Three key patterns were identified: structured use of templates, formatting inconsistencies and free-form narrative variability. These informed the application of four extraction strategies: (1) rule-based and ontology-driven methods; (2) statistical topic modelling; (3) deep learning models and (4) large language models. A rule-based approach was selected for its adaptability and interpretability. Extraction accuracy exceeded 99 % in structured fields and approximately 50 % in narrative-rich sections. Combining ethnography with machine learning enhances automated clinical documentation interpretation and supports AI-informed nursing education through improved digital literacy and contextual awareness.",2026 Feb,2026,
pubmed,41523654,https://pubmed.ncbi.nlm.nih.gov/41523654/,Prompt-based bioinformatic pipeline generation for a multi-step metaviral workflow.,"The rapid evolution of bioinformatics tools and multi-step analytic procedure presents a challenge for building effective pipelines, particularly for researchers without extensive programming expertise. This study demonstrates that large language models (LLMs) hold strong potential for generating end-to-end bioinformatic pipelines through carefully crafted prompts, using a multi-step metaviral workflow as a representative example. Multiple LLMs were tested for their effectiveness, including OpenAI ChatGPT series, Anthropic Claude series, Google Gemini, Meta Llama, and DeepSeek. Our results show that ChatGPT-4, ChatGPT-5, Claude 4.5, and Gemini 2.5 consistently outperform other LLMs in generating complete bioinformatic pipelines, with statistically significant success rates. These models also handle tool substitutions effectively. Simple prompt engineering and the inclusion of official documentation further enhance performance, especially for newer bioinformatic tools. While capabilities vary, all LLMs tested show potential for both pipeline generation and updates with our designed prompts and strategies. All prompts are available in the paper. The examples are available in GitHub https://github.com/mpckkk/pBio.",2026,2026,
pubmed,41509213,https://pubmed.ncbi.nlm.nih.gov/41509213/,Standardizing RNA-seq Analysis of Fungal Pathogens Using BRC-Analytics and Agentic AI: A <i>Candidozyma auris</i> Case Study.,"<i>Candidozyma auris</i> has emerged as a critical global health threat due to multidrug resistance and healthcare-associated transmission. While RNA-seq has become the primary tool for studying <i>C. auris</i> pathogenesis, inconsistent use of reference genomes and bioinformatics tools complicate cross-study comparisons. Here we demonstrate how BRC-Analytics, a platform for pathogen genomics, combined with an agentic AI assistant, enables reproducible RNA-seq analysis. By re-analyzing data from two publications we achieved near-perfect correlation with published results despite annotation version differences. We addressed provenance challenges associated with using AI agents with Galaxy by forcing them to invoke Galaxy's native tools rather than manipulating data directly. For custom analyses outside Galaxy's toolset, we provide standalone JupyterLite notebooks that reproduce our analysis without AI involvement. This framework-combining AI-assisted automation with rigorous provenance tracking-establishes a template for standardized, reproducible fungal pathogen genomics. To the best of our knowledge, this is the first example of integration between public data repositories, reproducible analysis workflows, and agentic AI tools. Our subsequent efforts will focus on improving the seamlessness of this integration.",2025 Dec 30,2025,
pubmed,41502944,https://pubmed.ncbi.nlm.nih.gov/41502944/,An Evidence-Grounded Research Assistant for Functional Genomics and Drug Target Assessment.,"The growing availability of biological data resources has transformed research, yet their effective use remains challenging: selecting appropriate sources requires domain knowledge, data are fragmented across databases, and synthesizing results into reliable conclusions is labor-intensive. Although large language models promise to address these barriers, their impact in biomedicine has been limited by unsupported statements, incorrect claims, and lack of provenance. We introduce Alvessa, an evidence-grounded agentic research assistant designed around verifiability. Alvessa integrates entity recognition, orchestration of pre-validated biological tools, and data-constrained answer generation with statement-level verification against retrieved records, explicitly flagging unsupported claims and guiding revision when reliability criteria are not met. We evaluate Alvessa on dbQA from LAB-Bench and GenomeArena, a benchmark of 720 questions spanning gene and variant annotation, pathways, molecular interactions, miRNA targets, drug-target evidence, protein structure, and gene-phenotype associations. Alvessa substantially improves accuracy relative to general-purpose language models and performs comparably to coding-centric agents while producing fully traceable outputs. Using adversarial perturbations, we show that detection of fabricated statements depends critically on access to retrieved evidence. We further demonstrate application to drug discovery, where evidence-grounded synthesis enables identification of candidate targets missed or misattributed by literature-centered reasoning alone. Alvessa and GenomeArena are released to the community to support reproducible, verifiable AI-assisted biological research.",2025 Dec 31,2025,
